{
  "context_matching": {
    "n_with_context": 24,
    "recall_at_1": 0.8333333333333334,
    "recall_at_3": 1.0,
    "precision_at_1": 0.8333333333333334,
    "mrr": 0.9027777777777778,
    "context_type_accuracy": 0.7916666666666666,
    "n_without_context": 6,
    "new_issue_detection_accuracy": 0.3333333333333333,
    "no_confident_match_rate": 0.3333333333333333,
    "false_known_issue_rate": 0.3333333333333333,
    "average_latency_seconds": 3.933333333333334e-05
  },
  "similar_feedback": {
    "same_theme_precision_at_5": 0.6608695652173913,
    "same_theme_recall_at_5": 0.6608695652173913,
    "n_themed_records_evaluated": 69,
    "similar_wording_different_meaning_checks": [
      {
        "pair": [
          "FB-0063",
          "FB-0066"
        ],
        "a_retrieved_b": false,
        "b_retrieved_a": true
      }
    ]
  }
}